data:text/csv;charset=utf-8,Id,metric_alias_metrics_view_graph_0
StatusCode,Complete
Messages,
Full label,us-east-1:EC2Instances/Development InstanceId:i-0744e20e747c8b775 mem_used Average 10
Label,mem_used
2023/08/15 20:49:30,266776576
2023/08/15 20:49:40,283131904
2023/08/15 20:49:50,283123712
2023/08/15 20:50:00,283373568
2023/08/15 20:50:10,283623424
2023/08/15 20:50:20,283623424
2023/08/15 20:50:30,283881472
2023/08/15 20:50:40,284139520
2023/08/15 20:50:50,284913664
2023/08/15 20:51:00,290385920
2023/08/15 20:51:10,290902016
2023/08/15 20:51:20,290902016
2023/08/15 20:51:30,290902016
2023/08/15 20:51:40,290902016
2023/08/15 20:51:50,290902016
2023/08/15 20:52:00,292708352
2023/08/15 20:52:10,292966400
2023/08/15 20:52:20,292966400
2023/08/15 20:52:30,292966400
2023/08/15 20:52:40,292966400
2023/08/15 20:52:50,292966400
2023/08/15 20:53:00,293740544
2023/08/15 20:53:10,294256640
2023/08/15 20:53:20,294256640
2023/08/15 20:53:30,294514688
2023/08/15 20:53:40,294514688
2023/08/15 20:53:50,304533504
2023/08/15 20:54:00,304533504
2023/08/15 20:54:10,321916928
2023/08/15 20:54:20,305725440
2023/08/15 20:54:30,294174720
2023/08/15 20:54:40,314613760
2023/08/15 20:54:50,321540096
2023/08/15 20:55:00,340680704
2023/08/15 20:55:10,346562560
2023/08/15 20:55:20,349351936
2023/08/15 20:55:30,296001536
2023/08/15 20:55:40,295993344
2023/08/15 20:55:50,295985152
2023/08/15 20:56:00,297754624
2023/08/15 20:56:10,297758720
2023/08/15 20:56:20,297758720
2023/08/15 20:56:30,297758720
2023/08/15 20:56:40,297758720
2023/08/15 20:56:50,298016768
2023/08/15 20:57:00,300339200
2023/08/15 20:57:10,300339200
2023/08/15 20:57:20,300339200
2023/08/15 20:57:30,300339200
2023/08/15 20:57:40,300339200
2023/08/15 20:57:50,300339200
2023/08/15 20:58:00,300339200
2023/08/15 20:58:10,300339200
2023/08/15 20:58:20,300331008
2023/08/15 20:58:30,300331008
2023/08/15 20:58:40,300331008
2023/08/15 20:58:50,300331008
2023/08/15 20:59:00,300331008
2023/08/15 20:59:10,300322816
2023/08/15 20:59:20,300322816
2023/08/15 20:59:30,300322816
2023/08/15 20:59:40,300326912
2023/08/15 20:59:50,300335104
2023/08/15 21:00:00,305459200
2023/08/15 21:00:10,305459200
2023/08/15 21:00:20,305459200
2023/08/15 21:00:30,305459200
2023/08/15 21:00:40,305459200
2023/08/15 21:00:50,305459200
2023/08/15 21:01:00,308555776
2023/08/15 21:01:10,308555776
2023/08/15 21:01:20,308555776
2023/08/15 21:01:30,308555776
2023/08/15 21:01:40,308555776
2023/08/15 21:01:50,308555776
2023/08/15 21:02:00,311652352
2023/08/15 21:02:10,311652352
2023/08/15 21:02:20,311652352
2023/08/15 21:02:30,311652352
2023/08/15 21:02:40,311652352
2023/08/15 21:02:50,311910400
2023/08/15 21:03:00,312168448
2023/08/15 21:03:10,312168448
2023/08/15 21:03:20,312160256
2023/08/15 21:03:30,312160256
2023/08/15 21:03:40,312655872
2023/08/15 21:03:50,312643584
2023/08/15 21:04:00,312643584
2023/08/15 21:04:10,312643584
2023/08/15 21:04:20,312643584
2023/08/15 21:04:30,312659968
2023/08/15 21:04:40,312659968
2023/08/15 21:04:50,312659968
2023/08/15 21:05:00,312651776
2023/08/15 21:05:10,312643584
2023/08/15 21:05:20,312643584
2023/08/15 21:05:30,312643584
2023/08/15 21:05:40,312643584
2023/08/15 21:05:50,312643584
2023/08/15 21:06:00,312643584
2023/08/15 21:06:10,312643584
2023/08/15 21:06:20,312643584
2023/08/15 21:06:30,312643584
2023/08/15 21:06:40,312643584
2023/08/15 21:06:50,312643584
2023/08/15 21:07:00,314191872
2023/08/15 21:07:10,314191872
2023/08/15 21:07:20,314191872
2023/08/15 21:07:30,314191872
2023/08/15 21:07:40,314191872
2023/08/15 21:07:50,314191872
2023/08/15 21:08:00,315969536
2023/08/15 21:08:10,315969536
2023/08/15 21:08:20,315961344
2023/08/15 21:08:30,315961344
2023/08/15 21:08:40,315953152
2023/08/15 21:08:50,316211200
2023/08/15 21:09:00,318533632
2023/08/15 21:09:10,318533632
2023/08/15 21:09:20,318533632
2023/08/15 21:09:30,318533632
2023/08/15 21:09:40,318533632
2023/08/15 21:09:50,318533632
2023/08/15 21:10:00,318525440
2023/08/15 21:10:10,318525440
2023/08/15 21:10:20,318525440
2023/08/15 21:10:30,318525440
2023/08/15 21:10:40,318525440
2023/08/15 21:10:50,318525440
2023/08/15 21:11:00,318525440
2023/08/15 21:11:10,318525440
2023/08/15 21:11:20,318525440
2023/08/15 21:11:30,318525440
2023/08/15 21:11:40,318525440
2023/08/15 21:11:50,318525440
2023/08/15 21:12:00,318525440
2023/08/15 21:12:10,318525440
2023/08/15 21:12:20,318525440
2023/08/15 21:12:30,318525440
2023/08/15 21:12:40,318525440
2023/08/15 21:12:50,318525440
2023/08/15 21:13:00,318525440
2023/08/15 21:13:10,318525440
2023/08/15 21:13:20,318517248
2023/08/15 21:13:30,318517248
2023/08/15 21:13:40,318517248
2023/08/15 21:13:50,318517248
2023/08/15 21:14:00,318517248
2023/08/15 21:14:10,318517248
2023/08/15 21:14:20,318517248
2023/08/15 21:14:30,318517248
2023/08/15 21:14:40,318517248
2023/08/15 21:14:50,318517248
2023/08/15 21:15:00,318509056
2023/08/15 21:15:10,318509056
2023/08/15 21:15:20,318500864
2023/08/15 21:15:30,318500864
2023/08/15 21:15:40,318500864
2023/08/15 21:15:50,318500864
2023/08/15 21:16:00,320049152
2023/08/15 21:16:10,320565248
2023/08/15 21:16:20,320565248
2023/08/15 21:16:30,320565248
2023/08/15 21:16:40,320565248
2023/08/15 21:16:50,320565248
2023/08/15 21:17:00,320548864
2023/08/15 21:17:10,320532480
2023/08/15 21:17:20,320532480
2023/08/15 21:17:30,320532480
2023/08/15 21:17:40,320532480
2023/08/15 21:17:50,320532480
2023/08/15 21:18:00,320532480
2023/08/15 21:18:10,320532480
2023/08/15 21:18:20,320524288
2023/08/15 21:18:30,320524288
2023/08/15 21:18:40,320524288
2023/08/15 21:18:50,320524288
2023/08/15 21:19:00,321040384
2023/08/15 21:19:10,321556480
2023/08/15 21:19:20,321556480
2023/08/15 21:19:30,321556480
2023/08/15 21:19:40,321556480
2023/08/15 21:19:50,321552384
2023/08/15 21:20:00,321536000
2023/08/15 21:20:10,321536000
2023/08/15 21:20:20,321536000
2023/08/15 21:20:30,321536000
2023/08/15 21:20:40,321536000
2023/08/15 21:20:50,321536000
2023/08/15 21:21:00,321536000
2023/08/15 21:21:10,321536000
2023/08/15 21:21:20,321536000
2023/08/15 21:21:30,321536000
2023/08/15 21:21:40,321536000
2023/08/15 21:21:50,321536000
2023/08/15 21:22:00,321527808
2023/08/15 21:22:10,321527808
2023/08/15 21:22:20,321527808
2023/08/15 21:22:30,321527808
2023/08/15 21:22:40,321527808
2023/08/15 21:22:50,321527808
2023/08/15 21:23:00,321527808
2023/08/15 21:23:10,321527808
2023/08/15 21:23:20,321519616
2023/08/15 21:23:30,321519616
2023/08/15 21:23:40,321519616
2023/08/15 21:23:50,321519616
2023/08/15 21:24:00,321519616
2023/08/15 21:24:10,321519616
2023/08/15 21:24:20,321519616
2023/08/15 21:24:30,321519616
2023/08/15 21:24:40,321519616
2023/08/15 21:24:50,321519616
2023/08/15 21:25:00,321511424
2023/08/15 21:25:10,321503232
2023/08/15 21:25:20,321503232
2023/08/15 21:25:30,321503232
2023/08/15 21:25:40,321503232
2023/08/15 21:25:50,321503232
2023/08/15 21:26:00,321503232
2023/08/15 21:26:10,321503232
2023/08/15 21:26:20,321503232
2023/08/15 21:26:30,321503232
2023/08/15 21:26:40,321503232
2023/08/15 21:26:50,321503232
2023/08/15 21:27:00,321503232
2023/08/15 21:27:10,321503232
2023/08/15 21:27:20,321503232
2023/08/15 21:27:30,321503232
2023/08/15 21:27:40,321503232
2023/08/15 21:27:50,321503232
2023/08/15 21:28:00,321503232
2023/08/15 21:28:10,321503232
2023/08/15 21:28:20,321495040
2023/08/15 21:28:30,321495040
2023/08/15 21:28:40,321495040
2023/08/15 21:28:50,321495040
2023/08/15 21:29:00,322011136
2023/08/15 21:29:10,322011136
2023/08/15 21:29:20,322269184
2023/08/15 21:29:30,322269184
2023/08/15 21:29:40,322269184
2023/08/15 21:29:50,320978944
2023/08/15 21:30:00,322777088
2023/08/15 21:30:10,322519040
2023/08/15 21:30:20,322519040
2023/08/15 21:30:30,322777088
2023/08/15 21:30:40,322777088
2023/08/15 21:30:50,322777088
2023/08/15 21:31:00,323293184
2023/08/15 21:31:10,323293184
2023/08/15 21:31:20,323293184
2023/08/15 21:31:30,323551232
2023/08/15 21:31:40,323551232
2023/08/15 21:31:50,323551232
2023/08/15 21:32:00,294875136
2023/08/15 21:32:10,294875136
2023/08/15 21:32:20,294875136
2023/08/15 21:32:30,295903232
2023/08/15 21:32:40,295903232
2023/08/15 21:32:50,295903232
2023/08/15 21:33:00,298196992
2023/08/15 21:33:10,298455040
2023/08/15 21:33:20,298446848
2023/08/15 21:33:30,298704896
2023/08/15 21:33:40,298704896
2023/08/15 21:33:50,298704896
2023/08/15 21:34:00,301027328
2023/08/15 21:34:10,301027328
2023/08/15 21:34:20,301027328
2023/08/15 21:34:30,301027328
2023/08/15 21:34:40,301027328
2023/08/15 21:34:50,301027328
2023/08/15 21:35:00,301277184
2023/08/15 21:35:10,301535232
2023/08/15 21:35:20,301527040
2023/08/15 21:35:30,301785088
2023/08/15 21:35:40,301785088
2023/08/15 21:35:50,301785088
2023/08/15 21:36:00,302043136
2023/08/15 21:36:10,302043136
2023/08/15 21:36:20,302043136
2023/08/15 21:36:30,302301184
2023/08/15 21:36:40,302301184
2023/08/15 21:36:50,302301184
2023/08/15 21:37:00,302301184
2023/08/15 21:37:10,302301184
2023/08/15 21:37:20,302301184
2023/08/15 21:37:30,302301184
2023/08/15 21:37:40,302301184
2023/08/15 21:37:50,302301184
2023/08/15 21:38:00,302301184
2023/08/15 21:38:10,302301184
2023/08/15 21:38:20,302292992
2023/08/15 21:38:30,302292992
2023/08/15 21:38:40,302292992
2023/08/15 21:38:50,302292992
2023/08/15 21:39:00,302809088
2023/08/15 21:39:10,302809088
2023/08/15 21:39:20,302809088
2023/08/15 21:39:30,302809088
2023/08/15 21:39:40,303067136
2023/08/15 21:39:50,303067136
2023/08/15 21:40:00,304607232
2023/08/15 21:40:10,304607232
2023/08/15 21:40:20,304607232
2023/08/15 21:40:30,304607232
2023/08/15 21:40:40,304607232
2023/08/15 21:40:50,304607232
2023/08/15 21:41:00,307703808
2023/08/15 21:41:10,307703808
2023/08/15 21:41:20,307703808
2023/08/15 21:41:30,307703808
2023/08/15 21:41:40,307703808
2023/08/15 21:41:50,307703808
2023/08/15 21:42:00,307703808
2023/08/15 21:42:10,307703808
2023/08/15 21:42:20,307703808
2023/08/15 21:42:30,307703808
2023/08/15 21:42:40,307703808
2023/08/15 21:42:50,307703808
2023/08/15 21:43:00,308219904
2023/08/15 21:43:10,308477952
2023/08/15 21:43:20,308469760
2023/08/15 21:43:30,308469760
2023/08/15 21:43:40,308469760
2023/08/15 21:43:50,308469760
2023/08/15 21:44:00,309760000
2023/08/15 21:44:10,309760000
2023/08/15 21:44:20,309760000
2023/08/15 21:44:30,310018048
2023/08/15 21:44:40,310276096
2023/08/15 21:44:50,310276096
2023/08/15 21:45:00,310267904
2023/08/15 21:45:10,310267904
2023/08/15 21:45:20,310267904
2023/08/15 21:45:30,310267904
2023/08/15 21:45:40,310267904
2023/08/15 21:45:50,310267904
2023/08/15 21:46:00,311816192
2023/08/15 21:46:10,311816192
2023/08/15 21:46:20,311816192
2023/08/15 21:46:30,311816192
2023/08/15 21:46:40,311816192
2023/08/15 21:46:50,311816192
2023/08/15 21:47:00,312848384
2023/08/15 21:47:10,312848384
2023/08/15 21:47:20,312848384
2023/08/15 21:47:30,312848384
2023/08/15 21:47:40,312848384
2023/08/15 21:47:50,312848384
2023/08/15 21:48:00,316461056
2023/08/15 21:48:10,316719104
2023/08/15 21:48:20,316710912
2023/08/15 21:48:30,316710912
2023/08/15 21:48:40,316710912
2023/08/15 21:48:50,316710912
2023/08/15 21:49:00,317485056
2023/08/15 21:49:10,317485056
2023/08/15 21:49:20,317485056
2023/08/15 21:49:30,317476864
2023/08/15 21:49:40,317476864
2023/08/15 21:49:50,317472768
2023/08/15 21:50:00,318230528
2023/08/15 21:50:10,318230528
2023/08/15 21:50:20,318230528
2023/08/15 21:50:30,318230528
2023/08/15 21:50:40,318230528
2023/08/15 21:50:50,318193664
2023/08/15 21:51:00,318193664
2023/08/15 21:51:10,318193664
2023/08/15 21:51:20,318193664
2023/08/15 21:51:30,318193664
2023/08/15 21:51:40,318193664
2023/08/15 21:51:50,318193664
2023/08/15 21:52:00,319483904
2023/08/15 21:52:10,319483904
2023/08/15 21:52:20,319483904
2023/08/15 21:52:30,319483904
2023/08/15 21:52:40,319483904
2023/08/15 21:52:50,319483904
2023/08/15 21:53:00,319483904
2023/08/15 21:53:10,319741952
2023/08/15 21:53:20,319733760
2023/08/15 21:53:30,319733760
2023/08/15 21:53:40,319733760
2023/08/15 21:53:50,319733760
2023/08/15 21:54:00,321470464
2023/08/15 21:54:10,321470464
2023/08/15 21:54:20,321470464
2023/08/15 21:54:30,321470464
2023/08/15 21:54:40,321470464
2023/08/15 21:54:50,321470464
2023/08/15 21:55:00,321462272
2023/08/15 21:55:10,321462272
2023/08/15 21:55:20,321454080
2023/08/15 21:55:30,321454080
2023/08/15 21:55:40,321454080
2023/08/15 21:55:50,321454080
2023/08/15 21:56:00,321454080
2023/08/15 21:56:10,321454080
2023/08/15 21:56:20,321454080
2023/08/15 21:56:30,321454080
2023/08/15 21:56:40,321454080
2023/08/15 21:56:50,321454080
2023/08/15 21:57:00,321454080
2023/08/15 21:57:10,321454080
2023/08/15 21:57:20,321454080
2023/08/15 21:57:30,321454080
2023/08/15 21:57:40,321454080
2023/08/15 21:57:50,321454080
2023/08/15 21:58:00,323518464
2023/08/15 21:58:10,323518464
2023/08/15 21:58:20,323510272
2023/08/15 21:58:30,323510272
2023/08/15 21:58:40,323510272
2023/08/15 21:58:50,323510272
2023/08/15 21:59:00,323510272
2023/08/15 21:59:10,323510272
2023/08/15 21:59:20,323510272
2023/08/15 21:59:30,323510272
2023/08/15 21:59:40,323510272
2023/08/15 21:59:50,323510272
2023/08/15 22:00:00,323502080
2023/08/15 22:00:10,323502080
2023/08/15 22:00:20,323502080
2023/08/15 22:00:30,323502080
2023/08/15 22:00:40,323502080
2023/08/15 22:00:50,323502080
2023/08/15 22:01:00,323502080
2023/08/15 22:01:10,323502080
2023/08/15 22:01:20,323497984
2023/08/15 22:01:30,323489792
2023/08/15 22:01:40,323489792
2023/08/15 22:01:50,323489792
2023/08/15 22:02:00,323489792
2023/08/15 22:02:10,323489792
2023/08/15 22:02:20,323489792
2023/08/15 22:02:30,323489792
2023/08/15 22:02:40,323489792
2023/08/15 22:02:50,323489792
2023/08/15 22:03:00,323489792
2023/08/15 22:03:10,323481600
2023/08/15 22:03:20,323473408
2023/08/15 22:03:30,323473408
2023/08/15 22:03:40,323473408
2023/08/15 22:03:50,323473408
2023/08/15 22:04:00,323473408
2023/08/15 22:04:10,323473408
2023/08/15 22:04:20,323473408
2023/08/15 22:04:30,323473408
2023/08/15 22:04:40,323473408
2023/08/15 22:04:50,323473408
2023/08/15 22:05:00,323465216
2023/08/15 22:05:10,323465216
2023/08/15 22:05:20,323457024
2023/08/15 22:05:30,323457024
2023/08/15 22:05:40,323457024
2023/08/15 22:05:50,323457024
2023/08/15 22:06:00,323457024
2023/08/15 22:06:10,323457024
2023/08/15 22:06:20,323457024
2023/08/15 22:06:30,323457024
2023/08/15 22:06:40,323457024
2023/08/15 22:06:50,323457024
2023/08/15 22:07:00,323457024
2023/08/15 22:07:10,323457024
2023/08/15 22:07:20,323457024
2023/08/15 22:07:30,323457024
2023/08/15 22:07:40,323457024
2023/08/15 22:07:50,323457024
2023/08/15 22:08:00,323457024
2023/08/15 22:08:10,323457024
2023/08/15 22:08:20,323448832
2023/08/15 22:08:30,323448832
2023/08/15 22:08:40,323448832
2023/08/15 22:08:50,323448832
2023/08/15 22:09:00,323448832
2023/08/15 22:09:10,323448832
2023/08/15 22:09:20,323448832
2023/08/15 22:09:30,323448832
2023/08/15 22:09:40,323448832
2023/08/15 22:09:50,323448832
2023/08/15 22:10:00,323440640
2023/08/15 22:10:10,323440640
2023/08/15 22:10:20,323440640
2023/08/15 22:10:30,323440640
2023/08/15 22:10:40,323440640
2023/08/15 22:10:50,323440640
2023/08/15 22:11:00,323440640
2023/08/15 22:11:10,323440640
2023/08/15 22:11:20,323440640
2023/08/15 22:11:30,323440640
2023/08/15 22:11:40,323440640
2023/08/15 22:11:50,323440640
2023/08/15 22:12:00,323440640
2023/08/15 22:12:10,323440640
2023/08/15 22:12:20,323440640
2023/08/15 22:12:30,323440640
2023/08/15 22:12:40,323440640
2023/08/15 22:12:50,323440640
2023/08/15 22:13:00,323440640
2023/08/15 22:13:10,323440640
2023/08/15 22:13:20,323432448
2023/08/15 22:13:30,323432448
2023/08/15 22:13:40,323432448
2023/08/15 22:13:50,323432448
2023/08/15 22:14:00,322400256
2023/08/15 22:14:10,322400256
2023/08/15 22:14:20,322400256
2023/08/15 22:14:30,322400256
2023/08/15 22:14:40,322400256
2023/08/15 22:14:50,322396160
2023/08/15 22:15:00,322895872
2023/08/15 22:15:10,323153920
2023/08/15 22:15:20,323145728
2023/08/15 22:15:30,323145728
2023/08/15 22:15:40,323145728
2023/08/15 22:15:50,323145728
2023/08/15 22:16:00,323403776
2023/08/15 22:16:10,323403776
2023/08/15 22:16:20,322113536
2023/08/15 22:16:30,322113536
2023/08/15 22:16:40,322113536
2023/08/15 22:16:50,322113536
2023/08/15 22:17:00,324681728
2023/08/15 22:17:10,324665344
2023/08/15 22:17:20,324665344
2023/08/15 22:17:30,324665344
2023/08/15 22:17:40,324665344
2023/08/15 22:17:50,324665344
2023/08/15 22:18:00,324665344
2023/08/15 22:18:10,324665344
2023/08/15 22:18:20,324657152
2023/08/15 22:18:30,324657152
2023/08/15 22:18:40,324657152
2023/08/15 22:18:50,320528384
2023/08/15 22:19:00,321818624
2023/08/15 22:19:10,322076672
2023/08/15 22:19:20,322076672
2023/08/15 22:19:30,322076672
2023/08/15 22:19:40,322076672
2023/08/15 22:19:50,322334720
2023/08/15 22:20:00,323616768
2023/08/15 22:20:10,323616768
2023/08/15 22:20:20,323616768
2023/08/15 22:20:30,323616768
2023/08/15 22:20:40,323616768
2023/08/15 22:20:50,323616768
2023/08/15 22:21:00,323616768
2023/08/15 22:21:10,323616768
2023/08/15 22:21:20,323616768
2023/08/15 22:21:30,323616768
2023/08/15 22:21:40,323616768
2023/08/15 22:21:50,323616768
2023/08/15 22:22:00,323608576
2023/08/15 22:22:10,323608576
2023/08/15 22:22:20,323608576
2023/08/15 22:22:30,323350528
2023/08/15 22:22:40,323350528
2023/08/15 22:22:50,323350528
2023/08/15 22:23:00,322576384
2023/08/15 22:23:10,322576384
2023/08/15 22:23:20,322568192
2023/08/15 22:23:30,322568192
2023/08/15 22:23:40,322568192
2023/08/15 22:23:50,322568192
2023/08/15 22:24:00,322310144
2023/08/15 22:24:10,322310144
2023/08/15 22:24:20,322568192
2023/08/15 22:24:30,322568192
2023/08/15 22:24:40,322568192
2023/08/15 22:24:50,322826240
2023/08/15 22:25:00,323325952
2023/08/15 22:25:10,323325952
2023/08/15 22:25:20,323325952
2023/08/15 22:25:30,323325952
2023/08/15 22:25:40,323325952
2023/08/15 22:25:50,323325952
2023/08/15 22:26:00,323325952
2023/08/15 22:26:10,323325952
2023/08/15 22:26:20,323325952
2023/08/15 22:26:30,323325952
2023/08/15 22:26:40,323325952
2023/08/15 22:26:50,323325952
2023/08/15 22:27:00,323571712
2023/08/15 22:27:10,323571712
2023/08/15 22:27:20,323571712
2023/08/15 22:27:30,323571712
2023/08/15 22:27:40,323571712
2023/08/15 22:27:50,323571712
2023/08/15 22:28:00,323571712
2023/08/15 22:28:10,323571712
2023/08/15 22:28:20,323563520
2023/08/15 22:28:30,323563520
2023/08/15 22:28:40,323563520
2023/08/15 22:28:50,323563520
2023/08/15 22:29:00,323563520
2023/08/15 22:29:10,323563520
2023/08/15 22:29:20,323563520
2023/08/15 22:29:30,323563520
2023/08/15 22:29:40,323563520
2023/08/15 22:29:50,323563520
2023/08/15 22:30:00,323555328
2023/08/15 22:30:10,323555328
2023/08/15 22:30:20,323555328
2023/08/15 22:30:30,323555328
2023/08/15 22:30:40,323555328
2023/08/15 22:30:50,323555328
2023/08/15 22:31:00,323555328
2023/08/15 22:31:10,323555328
2023/08/15 22:31:20,323555328
2023/08/15 22:31:30,323555328
2023/08/15 22:31:40,323555328
2023/08/15 22:31:50,323555328
2023/08/15 22:32:00,323555328
2023/08/15 22:32:10,323555328
2023/08/15 22:32:20,323555328
2023/08/15 22:32:30,323555328
2023/08/15 22:32:40,323555328
2023/08/15 22:32:50,323555328
2023/08/15 22:33:00,323555328
2023/08/15 22:33:10,323555328
2023/08/15 22:33:20,323547136
2023/08/15 22:33:30,323547136
2023/08/15 22:33:40,323547136
2023/08/15 22:33:50,323547136
2023/08/15 22:34:00,323547136
2023/08/15 22:34:10,323547136
2023/08/15 22:34:20,323547136
2023/08/15 22:34:30,323547136
2023/08/15 22:34:40,323547136
2023/08/15 22:34:50,323547136
2023/08/15 22:35:00,323538944
2023/08/15 22:35:10,323530752
2023/08/15 22:35:20,323530752
2023/08/15 22:35:30,323530752
2023/08/15 22:35:40,323530752
2023/08/15 22:35:50,323530752
2023/08/15 22:36:00,323530752
2023/08/15 22:36:10,323530752
2023/08/15 22:36:20,323530752
2023/08/15 22:36:30,323530752
2023/08/15 22:36:40,323530752
2023/08/15 22:36:50,323530752
2023/08/15 22:37:00,323530752
2023/08/15 22:37:10,323530752
2023/08/15 22:37:20,323530752
2023/08/15 22:37:30,323530752
2023/08/15 22:37:40,323530752
2023/08/15 22:37:50,323530752
2023/08/15 22:38:00,323530752
2023/08/15 22:38:10,323530752
2023/08/15 22:38:20,323522560
2023/08/15 22:38:30,323522560
2023/08/15 22:38:40,323522560
2023/08/15 22:38:50,323522560
2023/08/15 22:39:00,323522560
2023/08/15 22:39:10,323522560
2023/08/15 22:39:20,323522560
2023/08/15 22:39:30,323522560
2023/08/15 22:39:40,323522560
2023/08/15 22:39:50,323522560
2023/08/15 22:40:00,323514368
2023/08/15 22:40:10,323514368
2023/08/15 22:40:20,323514368
2023/08/15 22:40:30,323514368
2023/08/15 22:40:40,323514368
2023/08/15 22:40:50,323514368
2023/08/15 22:41:00,323514368
2023/08/15 22:41:10,323514368
2023/08/15 22:41:20,323514368
2023/08/15 22:41:30,323514368
2023/08/15 22:41:40,323514368
2023/08/15 22:41:50,323276800
2023/08/15 22:42:00,323256320
2023/08/15 22:42:10,323256320
2023/08/15 22:42:20,323256320
2023/08/15 22:42:30,323256320
2023/08/15 22:42:40,323256320
2023/08/15 22:42:50,323256320
2023/08/15 22:43:00,323514368
2023/08/15 22:43:10,323514368
2023/08/15 22:43:20,323506176
2023/08/15 22:43:30,323506176
2023/08/15 22:43:40,323506176
2023/08/15 22:43:50,323506176
2023/08/15 22:44:00,323506176
2023/08/15 22:44:10,323506176
2023/08/15 22:44:20,323506176
2023/08/15 22:44:30,323506176
2023/08/15 22:44:40,323506176
2023/08/15 22:44:50,323502080
2023/08/15 22:45:00,323485696
2023/08/15 22:45:10,340140032
2023/08/15 22:45:20,340131840
2023/08/15 22:45:30,340131840
2023/08/15 22:45:40,340131840
2023/08/15 22:45:50,340131840
2023/08/15 22:46:00,340131840
2023/08/15 22:46:10,340131840
2023/08/15 22:46:20,340131840
2023/08/15 22:46:30,340131840
2023/08/15 22:46:40,340131840
2023/08/15 22:46:50,340131840
2023/08/15 22:47:00,340131840
2023/08/15 22:47:10,340131840
2023/08/15 22:47:20,340131840
2023/08/15 22:47:30,340131840
2023/08/15 22:47:40,336261120
2023/08/15 22:47:50,336261120
2023/08/15 22:48:00,336261120
2023/08/15 22:48:10,336261120
2023/08/15 22:48:20,336252928
2023/08/15 22:48:30,336252928
2023/08/15 22:48:40,336252928
2023/08/15 22:48:50,336252928
2023/08/15 22:49:00,336252928
2023/08/15 22:49:10,336252928
2023/08/15 22:49:20,336252928
2023/08/15 22:49:30,336244736
2023/08/15 22:49:40,336244736
2023/08/15 22:49:50,336244736
2023/08/15 22:50:00,336236544
2023/08/15 22:50:10,336228352
2023/08/15 22:50:20,336228352
2023/08/15 22:50:30,336228352
2023/08/15 22:50:40,336228352
2023/08/15 22:50:50,336228352
2023/08/15 22:51:00,336228352
2023/08/15 22:51:10,336228352
2023/08/15 22:51:20,336228352
2023/08/15 22:51:30,336228352
2023/08/15 22:51:40,336228352
2023/08/15 22:51:50,336228352
2023/08/15 22:52:00,336228352
2023/08/15 22:52:10,336228352
2023/08/15 22:52:20,336228352
2023/08/15 22:52:30,336228352
2023/08/15 22:52:40,336228352
2023/08/15 22:52:50,336228352
2023/08/15 22:53:00,336228352
2023/08/15 22:53:10,336228352
2023/08/15 22:53:20,336220160
2023/08/15 22:53:30,336220160
2023/08/15 22:53:40,336220160
2023/08/15 22:53:50,336220160
2023/08/15 22:54:00,336220160
2023/08/15 22:54:10,336220160
2023/08/15 22:54:20,336220160
2023/08/15 22:54:30,336220160
2023/08/15 22:54:40,336220160
2023/08/15 22:54:50,336220160
2023/08/15 22:55:00,336203776
2023/08/15 22:55:10,336203776
2023/08/15 22:55:20,336203776
2023/08/15 22:55:30,336203776
2023/08/15 22:55:40,336203776
2023/08/15 22:55:50,336203776
2023/08/15 22:56:00,336203776
2023/08/15 22:56:10,336203776
2023/08/15 22:56:20,336203776
2023/08/15 22:56:30,336203776
2023/08/15 22:56:40,336203776
2023/08/15 22:56:50,336203776
2023/08/15 22:57:00,336203776
2023/08/15 22:57:10,336203776
2023/08/15 22:57:20,336203776
2023/08/15 22:57:30,336203776
2023/08/15 22:57:40,336203776
2023/08/15 22:57:50,336203776
2023/08/15 22:58:00,336203776
2023/08/15 22:58:10,336203776
2023/08/15 22:58:20,336449536
2023/08/15 22:58:30,336449536
2023/08/15 22:58:40,336449536
2023/08/15 22:58:50,336449536
2023/08/15 22:59:00,336449536
2023/08/15 22:59:10,336449536
2023/08/15 22:59:20,336449536
2023/08/15 22:59:30,336449536
2023/08/15 22:59:40,336449536
2023/08/15 22:59:50,336449536
2023/08/15 23:00:00,336441344
2023/08/15 23:00:10,336441344
2023/08/15 23:00:20,336441344
2023/08/15 23:00:30,336441344
2023/08/15 23:00:40,336441344
2023/08/15 23:00:50,336441344
2023/08/15 23:01:00,336441344
2023/08/15 23:01:10,336441344
2023/08/15 23:01:20,336441344
2023/08/15 23:01:30,336183296
2023/08/15 23:01:40,336183296
2023/08/15 23:01:50,336183296
2023/08/15 23:02:00,335409152
2023/08/15 23:02:10,335409152
2023/08/15 23:02:20,335409152
2023/08/15 23:02:30,335409152
2023/08/15 23:02:40,335409152
2023/08/15 23:02:50,335409152
2023/08/15 23:03:00,335409152
2023/08/15 23:03:10,335409152
2023/08/15 23:03:20,335400960
2023/08/15 23:03:30,335400960
2023/08/15 23:03:40,335400960
2023/08/15 23:03:50,335400960
2023/08/15 23:04:00,335400960
2023/08/15 23:04:10,335400960
2023/08/15 23:04:20,335400960
2023/08/15 23:04:30,335400960
2023/08/15 23:04:40,335400960
2023/08/15 23:04:50,335400960
2023/08/15 23:05:00,335392768
2023/08/15 23:05:10,335392768
2023/08/15 23:05:20,335392768
2023/08/15 23:05:30,335392768
2023/08/15 23:05:40,335392768
2023/08/15 23:05:50,335392768
2023/08/15 23:06:00,335392768
2023/08/15 23:06:10,335392768
2023/08/15 23:06:20,335392768
2023/08/15 23:06:30,334360576
2023/08/15 23:06:40,334360576
2023/08/15 23:06:50,334360576
2023/08/15 23:07:00,334360576
2023/08/15 23:07:10,334360576
2023/08/15 23:07:20,334360576
2023/08/15 23:07:30,334360576
2023/08/15 23:07:40,334360576
2023/08/15 23:07:50,334360576
2023/08/15 23:08:00,334360576
2023/08/15 23:08:10,334360576
2023/08/15 23:08:20,334352384
2023/08/15 23:08:30,334352384
2023/08/15 23:08:40,334352384
2023/08/15 23:08:50,334352384